{"elements": ["qubit", "rr", "cavity"], "readout_atten": 32, "host": null, "port": "9510", "Iout": {"qubit": 3, "rr": 1, "cavity": 5}, "Qout": {"qubit": 4, "rr": 2, "cavity": 6}, "Iin": 1, "Qin": 2, "AWG_trigger_out": 1, "controller": "con2", "qubit_LO": 7200000000.0, "rr_LO": 6400000000.0, "cavity_LO": 3500000000, "n_avg": 20000, "rr_IF": 79250000.0, "qubit_IF": 50000000.0, "cavity_IF": 50000000.0, "gauss_len": 48, "gauss_amp": 0.45, "displace_amp": 0.45, "displace_len": 48, "amp_r": 0.4, "readout_pulse_len_in_clk": 500, "saturation_duration": 2500, "readout_length": 10000, "qubit_freq": 4512900000, "rr_freq": 6479250000.0, "cavity_freq": 3550000000, "analog_input_offsets": [-0.11238537231289412, -0.10615264730441312], "analog_input_gain": 3, "qubit_mixer_offsets": [0.0009500000000000003, 0.0019500000000000003], "qubit_mixer_imbalance": [0, 0], "rr_mixer_offsets": [-0.015199999999999995, 0.0038000000000000013], "rr_mixer_imbalance": [0.008333333333333331, -0.09444444444444444], "cavity_mixer_offsets": [0, 0], "cavity_mixer_imbalance": [0, 0], "tof": 320, "smearing": 40, "IQ_rotation": 0.0, "switch_weights": false, "resettime": {"qubit": 20000, "rr": 5000, "cavity": 25000}, "kappa": 200000.0, "readout_freq": 6200000000.0, "Q": 9000, "Qc": 9000, "operations": {"qubit": ["const", "gauss", "arb_op", "X180", "Y180", "X90", "Y90", "readout"], "rr": ["const", "displace", "readout"], "cavity": ["const", "displace", "readout"]}, "X180_len": 160, "X180_amp": 0.45, "X90_len": 80, "X90_amp": 0.45, "amp_q": 0.4, "arb_op_len": 160, "rr_resettime": 5000}