{"elements": ["qubit", "rr"], "qubit_LO": 4480000000, "rr_LO": 7600000000.0, "readout_atten": 20, "host": null, "port": "9510", "Iout": {"qubit": 3, "rr": 1}, "Qout": {"qubit": 4, "rr": 2}, "Iin": 1, "Qin": 2, "AWG_trigger_out": 1, "controller": "con2", "n_avg": 100, "rr_IF": 5000000.0, "qubit_IF": 50000000.0, "gauss_len": 48, "gauss_amp": 0.45, "amp_r": 0.375, "readout_pulse_len_in_clk": 500, "saturation_duration": 2500, "readout_length": 1000, "qubit_freq": 4512900000, "rr_freq": 6200000000, "analog_input_offsets": [-0.05544683788345893, -0.05208169978709353], "analog_input_gain": 3, "rr_mixer_offsets": [-0.0091, 0.0029000000000000007], "qubit_mixer_offsets": [0, 0], "rr_mixer_imbalance": [0.011111111111111113, -0.08333333333333334], "qubit_mixer_imbalance": [0, 0], "tof": 256, "smearing": 40, "IQ_rotation": 0.0, "switch_weights": false, "resettime": {"qubit": 25000, "rr": 6000}, "kappa": 200000.0, "readout_freq": 6200000000.0, "Q": 9000, "Qc": 9000, "operations": {"qubit": ["const", "gauss", "arb_op", "X180", "Y180", "X90", "Y90"], "rr": ["const", "readout"]}, "X180_len": 160, "X180_amp": 0.45, "X90_len": 80, "X90_amp": 0.45, "amp_q": 0.375, "arb_op_len": 160}