{"elements": ["qubit", "rr", "cavity"], "readout_atten": 25, "port": 9510, "Iout": {"qubit": 3, "rr": 1, "cavity": 5}, "Qout": {"qubit": 4, "rr": 2, "cavity": 6}, "Iin": 1, "Qin": 2, "AWG_trigger_out": 1, "controller": "con2", "qubit_LO": 4506400000.0, "rr_LO": 6900000000.0, "cavity_LO": 3500000000, "n_avg": 1000, "rr_IF": 79659750.0, "qubit_IF": -50000000.0, "cavity_IF": 50000000.0, "gauss_len": 56, "gauss_amp": 0.1, "displace_amp": 0.45, "displace_len": 48, "amp_r": 0.4, "readout_pulse_len_in_clk": 500, "saturation_duration": 2500, "readout_length": 10000, "qubit_freq": 4456400000.0, "rr_freq": 6979659750.0, "cavity_freq": 3550000000, "analog_input_offsets": [-0.04894814602830584, -0.04266740769482165], "analog_input_gain": 3, "qubit_mixer_offsets": [-0.004399999999999998, 0.0016000000000000025], "qubit_mixer_imbalance": [0.011111111111111089, 0.022222222222222025], "rr_mixer_offsets": [-0.013249999999999987, 0.0007500000000000015], "rr_mixer_imbalance": [0.013888888888888895, -0.016666666666666663], "cavity_mixer_offsets": [0, 0], "cavity_mixer_imbalance": [0, 0], "tof": 308, "smearing": 40, "IQ_rotation": 0, "switch_weights": false, "resettime": {"qubit": 50000, "rr": 500, "cavity": 25000}, "kappa": 200000.0, "readout_freq": 6200000000.0, "Q": 9000, "Qc": 9000, "operations": {"qubit": ["const", "gauss", "arb_op", "X180", "Y180", "X90", "Y90", "readout"], "rr": ["const", "displace", "readout"], "cavity": ["const", "displace", "readout"]}, "X180_len": 56, "X180_amp": 0.06682876383135972, "X90_len": 56, "X90_amp": 0.03341438191567986, "amp_q": 0.4, "arb_op_len": 160, "host": null, "phi": 0.7853981633974483}