{"elements": ["qubit", "rr"], "qubit_LO": 5800000000.0, "rr_LO": 6350000000.0, "readout_atten": 0, "host": null, "port": "9510", "Iout": {"qubit": 3, "rr": 1}, "Qout": {"qubit": 4, "rr": 2}, "Iin": 1, "Qin": 2, "AWG_trigger_out": 1, "controller": "con2", "n_avg": 1000, "rr_IF": 5000000.0, "qubit_IF": 50000000.0, "gauss_len": 48, "gauss_amp": 0.45, "amp_r": 0.375, "readout_pulse_len_in_clk": 500, "saturation_duration": 2500, "readout_length": 4000, "qubit_freq": 4512900000, "analog_input_offsets": [-0.0015943497196513547, 0.005649863110856266], "analog_input_gain": 3, "rr_mixer_offsets": [-0.010699999999999935, 0.0013000000000000051], "qubit_mixer_offsets": [-0.0010999999999999994, 0.0009000000000000006], "rr_mixer_imbalance": [0.0, -5.551115123125783e-17], "qubit_mixer_imbalance": [0.0, -0.05555555555555558], "tof": 260, "smearing": 10, "IQ_rotation": 0.0, "switch_weights": false, "resettime": {"qubit": 20000, "rr": 4000}, "kappa": 200000.0, "readout_freq": 6200000000.0, "Q": 9000, "Qc": 9000, "operations": {"qubit": ["const", "gauss", "arb_op", "X180", "Y180", "X90", "Y90"], "rr": ["const", "readout"]}, "X180_len": 160, "X180_amp": 0.45, "X90_len": 80, "X90_amp": 0.45, "amp_q": 0.375, "arb_op_len": 160, "rr_freq": 6461000000.0}