{"name": "qb5", "qubit_LO": 4200000000.0, "qubit_freq": 4254311999.9999995, "qubit_IF": 54311999.99999952, "qubit_mixer_offsets": [0, 0], "qubit_mixer_imbalance": [0, 0], "pulse_len": 40, "pi_half_amp": 0.18933906397116293, "pi_amp": 0.383534933967678, "amp_q": 0.45, "gauss_len": 48, "gauss_amp": 0.45, "rr_LO": 6612750000.0, "rr_freq": 6657750000.0, "rr_IF": 45000000.0, "rr_mixer_offsets": [0, 0], "rr_mixer_imbalance": [0, 0], "amp_r": 0.45, "rr_atten": 25, "tof": 260, "rr_pulse_len_in_clk": 500, "IQ_rotation": 0.0, "analog_input_offsets": [-0.08626672497558592, -0.07983037512207031], "qubit_resettime": 400000.0, "rr_resettime": 20000.0, "pi_len": 48, "pi_half_len": 48}