{"qubit_LO": 3100000000.0, "qubit_freq": 3367750000.0, "qubit_IF": 267750000.0, "qubit_mixer_offsets": [-0.0108, -0.0186], "qubit_mixer_imbalance": [0.081, -0.229], "pi_len": 40, "pi_half_len": 40, "pi_half_amp": 0.0502, "pi_amp": 0.1004, "amp_q": 0.35, "gauss_len": 96, "gauss_amp": 0.4, "diss_LO": 12200000000, "diss_freq": 10700000000.0, "qubit12_IF": 99000000.0, "qubit12_mixer_offsets": [-0.0112, -0.0174], "qubit12_mixer_imbalance": [0, 0], "amp_diss": 0.45, "diss_resettime": 2000.0, "rr_LO": 5390000000.0, "rr_freq": 5590250000.0, "rr_IF": 200250000.0, "rr_mixer_offsets": [-0.015, -0.0007], "rr_mixer_imbalance": [-0.027, 0.032], "amp_r": 0.35, "rr_atten": 31, "tof": 308, "rr_pulse_len_in_clk": 1600, "rr_pulse_len_in_clk_diss": 25, "IQ_rotation": -1.281993, "analog_input_offsets": [-0.049425651264773426, -0.05554598930260969], "qubit_resettime": 350000, "rr_resettime": 40000, "ffl_freq": 6135000000.0, "ffl_LO": 5050000000.0, "ffl_IF": 235000000.0, "amp_ffl": 0.3, "ffl_atten": 9, "ffl_mixer_offsets": [-0.007, 0.001], "ffl_mixer_offsets_on": [-0.0025, 0.0019], "ffl_mixer_imbalance": [-0.021, 0.065], "fflqc_mixer_offsets": [-0.001, -0.01], "fflqc_freq": 2700000000.0, "fflqc_LO": 4790000000.0, "fflqc_mixer_imbalance": [0.045, -0.075], "fflqc_IF": 0, "fflqc_mixer_offsets_on": [-0.04, -0.04]}