{"qubit_LO": 4100000000.0, "qubit_freq": 4218000000.0, "qubit_IF": 168000000.0, "qubit_anharm": -250000000, "qubit_mixer_offsets": [-0.0126, -0.006], "qubit_mixer_imbalance": [0.045, -0.114], "pi_len": 32, "pi_half_len": 16, "pi_half_amp": 0.2, "pi_amp": 0.2, "amp_q": 0.35, "gauss_len": 48, "gauss_amp": 0.45, "diss_LO": 12200000000, "diss_freq": 7970000000.0, "qubit12_IF": 80000000, "qubit12_mixer_offsets": [0, 0], "qubit12_mixer_imbalance": [0, 0], "amp_diss": 0.45, "diss_resettime": 2000.0, "rr_LO": 5750000000.0, "rr_freq": 5972200000.0, "rr_IF": 222200000.0, "rr_mixer_offsets": [-0.0113, 0.0008], "rr_mixer_imbalance": [-0.023, 0.026], "amp_r": 0.35, "rr_atten": 33, "tof": 308, "rr_pulse_len_in_clk": 5000, "rr_pulse_len_in_clk_diss": 25, "IQ_rotation": 0.0, "analog_input_offsets": [-0.06950819734976112, -0.07420347721662178], "qubit_resettime": 400000.0, "rr_resettime": 40000.0, "ffl_freq": 2140000000.0, "ffl_LO": 1790000000.0, "ffl_IF": 350000000.0, "amp_ffl": 0.35, "ffl_atten": 0, "ffl_mixer_offsets": [0, 0], "ffl_mixer_offsets_on": [0, 0], "ffl_mixer_imbalance": [0, 0]}