{"qubit_LO": 7000000000.0, "qubit_freq": 2268100000.0, "qubit_IF": 68100000.0, "qubit_mixer_offsets": [-0.0125, -0.0095], "qubit_mixer_imbalance": [0.06, -0.07], "pi_len": 80, "pi_half_len": 40, "pi_half_amp": 0.2, "pi_amp": 0.1, "amp_q": 0.45, "gauss_len": 48, "gauss_amp": 0.45, "diss_LO": 12200000000, "diss_freq": 7970000000.0, "diss_IF": 80000000, "diss_mixer_offsets": [0, 0], "diss_mixer_imbalance": [0, 0], "amp_diss": 0.45, "diss_resettime": 2000.0, "rr_LO": 5975000000.0, "rr_freq": 6023300000.0, "rr_IF": 48300000.0, "rr_mixer_offsets": [-0.0115, 0.0025], "rr_mixer_imbalance": [-0.04, -0.04], "amp_r": 0.45, "rr_atten": 30, "tof": 260, "rr_pulse_len_in_clk": 300, "rr_pulse_len_in_clk_diss": 25, "IQ_rotation": 0.0, "analog_input_offsets": [-0.10330552661132814, -0.07417668920898438], "qubit_resettime": 400000.0, "rr_resettime": 4000.0, "ffl_freq": 1100000000.0, "ffl_LO": 1100000000.0, "ffl_IF": 0, "amp_ffl": 0.3, "ffl_atten": 25, "ffl_mixer_offsets": [-0.007, -0.041], "ffl_mixer_imbalance": [0.0, 0.0], "ffl_mixer_offsets_on": [-0.0065, -0.0075]}