{"qubit_LO": 2200000000.0, "qubit_freq": 2268100000.0, "qubit_IF": 68100000.0, "qubit_mixer_offsets": [-0.0085, -0.0085], "qubit_mixer_imbalance": [0.045, -0.085], "pi_len": 80, "pi_half_len": 40, "pi_half_amp": 0.2, "pi_amp": 0.2, "amp_q": 0.45, "gauss_len": 48, "gauss_amp": 0.45, "diss_LO": 12200000000, "diss_freq": 7970000000.0, "diss_IF": 80000000, "diss_mixer_offsets": [0, 0], "diss_mixer_imbalance": [0, 0], "amp_diss": 0.45, "diss_resettime": 2000.0, "rr_LO": 5975000000.0, "rr_freq": 6025539000.0, "rr_IF": 50539000.0, "rr_mixer_offsets": [-0.012, 0.002], "rr_mixer_imbalance": [-0.04, -0.04], "amp_r": 0.45, "rr_atten": 34, "tof": 260, "rr_pulse_len_in_clk": 500, "rr_pulse_len_in_clk_diss": 25, "IQ_rotation": 0.0, "analog_input_offsets": [-0.10092981079101568, -0.07391716577148441], "qubit_resettime": 400000.0, "rr_resettime": 20000.0, "ffl_freq": 2194000000.0, "ffl_LO": 6550000000.0, "ffl_IF": 50000000.0, "amp_ffl": 0.45, "ffl_atten": 0, "ffl_mixer_offsets": [0, 0], "ffl_mixer_imbalance": [0, 0]}