{"qubit_LO": 2900000000.0, "qubit_freq": 3190000000.0, "qubit_IF": 290000000.0, "qubit_mixer_offsets": [-0.0005, -0.0125], "qubit_mixer_imbalance": [0.02, -0.06], "pi_len": 64, "pi_half_len": 32, "pi_half_amp": 0.4, "pi_amp": 0.4, "amp_q": 0.3, "gauss_len": 20, "gauss_amp": 0.45, "rr_LO": 5500000000.0, "rr_freq": 5577700000.0, "rr_IF": 78000000.0, "rr_mixer_offsets": [-0.0143, 0.0144], "rr_mixer_imbalance": [-0.007, 0.019], "amp_r": 0.2, "rr_atten": 18, "tof": 260, "rr_pulse_len_in_clk": 1000, "IQ_rotation": 0.0, "analog_input_offsets": [-0.10656298529052735, -0.10141064398193361], "qubit_resettime": 50000, "rr_resettime": 10000, "ffl_LO": 2570000000.0, "ffl_IF": 350000000.0, "amp_ffl": 0.45, "ffl_mixer_imbalance": [-0.004, -0.108], "ffl_mixer_offsets": [0.0, -0.029], "diss_mixer_imbalance": [0, 0], "amp_diss": 0.45, "diss_resettime": 2000.0, "diss_IF": 80000000, "diss_LO": 12200000000, "diss_freq": 9500000000.0, "diss_mixer_offsets": [0, 0], "rr_pulse_len_in_clk_diss": 100, "ffl_freq": 2920000000.0, "ffl_atten": 30}