{"qubit_LO": 3248000000.0, "qubit_freq": 3348000000.0, "qubit_IF": 100000000.0, "qubit_mixer_offsets": [-0.0145, -0.0143], "qubit_mixer_imbalance": [0.065, -0.149], "pi_len": 48, "pi_half_len": 48, "pi_half_amp": 0.2, "pi_amp": 0.45, "amp_q": 0.35, "gauss_len": 48, "gauss_amp": 0.45, "diss_LO": 12200000000, "diss_freq": 7970000000.0, "diss_IF": 80000000, "diss_mixer_offsets": [0, 0], "diss_mixer_imbalance": [0, 0], "amp_diss": 0.45, "diss_resettime": 2000.0, "rr_LO": 5975000000.0, "rr_freq": 6112200000.0, "rr_IF": 137200000.0, "rr_mixer_offsets": [-0.0098, 0.0002], "rr_mixer_imbalance": [-0.032, -0.003], "amp_r": 0.4, "rr_atten": 40, "tof": 260, "rr_pulse_len_in_clk": 500, "rr_pulse_len_in_clk_diss": 25, "IQ_rotation": 0.0, "analog_input_offsets": [-0.08325937133789063, -0.08792803552246094], "qubit_resettime": 400000.0, "rr_resettime": 20000.0, "ffl_freq": 2140000000.0, "ffl_LO": 1790000000.0, "ffl_IF": 350000000.0, "amp_ffl": 0.45, "ffl_atten": 0, "ffl_mixer_offsets": [0, 0], "ffl_mixer_offsets_on": [0, 0], "ffl_mixer_imbalance": [0, 0], "qubit_anharm": 250000000}