{"qubit_LO": 4590000000.0, "qubit_freq": 4638300000.0, "qubit_IF": 48300000.0, "qubit_mixer_offsets": [-0.0117, -0.0009], "qubit_mixer_imbalance": [0.018, -0.08], "pi_len": 64, "pi_half_len": 28, "pi_half_amp": 0.198, "pi_amp": 0.174, "amp_q": 0.2, "gauss_len": 20, "gauss_amp": 0.45, "rr_LO": 5635100000.0, "rr_freq": 5680000000.0, "rr_IF": 44900000.0, "rr_mixer_offsets": [-0.0129, 0.0006], "rr_mixer_imbalance": [-0.048, -0.069], "amp_r": 0.4, "rr_atten": 32, "tof": 260, "rr_pulse_len_in_clk": 500, "IQ_rotation": 0.0, "analog_input_offsets": [0.009149155395507803, 0.0014064866943359349], "qubit_resettime": 50000, "rr_resettime": 10000, "ffl_LO": 3841000000.0, "ffl_IF": 50800000.0, "amp_ffl": 0.45, "ffl_mixer_imbalance": [0.083, -0.046], "ffl_mixer_offsets": [-0.0105, -0.0128], "diss_mixer_imbalance": [0, 0], "amp_diss": 0.45, "diss_resettime": 2000.0, "diss_IF": 80000000, "diss_LO": 12200000000, "diss_freq": 8530100000.0, "diss_mixer_offsets": [0, 0], "rr_pulse_len_in_clk_diss": 100, "ffl_freq": 3891800000.0, "ffl_atten": 14}