{"qubit_LO": 4488300000.0, "qubit_freq": 4638300000.0, "qubit_IF": 150000000.0, "qubit_mixer_offsets": [-0.013, -0.0047], "qubit_mixer_imbalance": [0.03, -0.178], "pi_len": 64, "pi_half_len": 32, "pi_half_amp": 0.198, "pi_amp": 0.166, "amp_q": 0.2, "gauss_len": 20, "gauss_amp": 0.45, "rr_LO": 5635100000.0, "rr_freq": 5679000000.0, "rr_IF": 44100000.0, "rr_mixer_offsets": [-0.013, 0.0011], "rr_mixer_imbalance": [-0.048, -0.068], "amp_r": 0.4, "rr_atten": 32, "tof": 260, "rr_pulse_len_in_clk": 500, "IQ_rotation": 0.0, "analog_input_offsets": [0.009660309448242178, 0.002135473144531248], "qubit_resettime": 50000, "rr_resettime": 10000, "ffl_LO": 1790000000.0, "ffl_IF": 350000000.0, "amp_ffl": 0.45, "ffl_mixer_imbalance": [0.078, 0.166], "ffl_mixer_offsets": [-0.007, -0.0003], "amp_diss": 0.45, "diss_resettime": 2000.0, "diss_LO": 12200000000, "diss_freq": 7970000000.0, "rr_pulse_len_in_clk_diss": 100, "ffl_freq": 2140000000.0, "ffl_atten": 20, "ffl_mixer_offsets_on": [0, 0], "qubit12_mixer_offsets": [0, 0], "qubit12_IF": 80000000, "fflqc_mixer_offsets_on": [0, 0], "fflqc_IF": 0, "fflqc_LO": 2480000000, "fflqc_freq": 2480000000, "qubit12_mixer_imbalance": [0, 0], "fflqc_mixer_offsets": [0, 0], "fflqc_mixer_imbalance": [0, 0]}