{"qubit_LO": 5370000000.0, "qubit_freq": 5421500000.0, "qubit_IF": 51500000.0, "qubit_mixer_offsets": [-0.0111, -0.0017], "qubit_mixer_imbalance": [-0.002, -0.077], "pi_len": 64, "pi_half_len": 32, "pi_half_amp": 0.4, "pi_amp": 0.4, "amp_q": 0.3, "gauss_len": 20, "gauss_amp": 0.45, "rr_LO": 5500000000.0, "rr_freq": 5577500000.0, "rr_IF": 77500000.0, "rr_mixer_offsets": [-0.0082, 0.0005], "rr_mixer_imbalance": [-0.013, -0.087], "amp_r": 0.2, "rr_atten": 0, "tof": 260, "rr_pulse_len_in_clk": 1000, "IQ_rotation": 0.0, "analog_input_offsets": [-0.04568460540771485, -0.05072552545166016], "qubit_resettime": 50000, "rr_resettime": 10000, "ffl_LO": 3850000000.0, "ffl_IF": 72500000.0, "amp_ffl": 0.45, "ffl_mixer_imbalance": [0.01, -0.013], "ffl_mixer_offsets": [-0.0084, -0.0143], "diss_mixer_imbalance": [0, 0], "amp_diss": 0.45, "diss_resettime": 2000.0, "diss_IF": 80000000, "diss_LO": 12200000000, "diss_freq": 9500000000.0, "diss_mixer_offsets": [0, 0], "rr_pulse_len_in_clk_diss": 100, "ffl_freq": 3922500000.0, "ffl_atten": 25}