{"qubit_LO": 4400000000.0, "qubit_freq": 4638300000.0, "qubit_IF": 238300000.0, "qubit_mixer_offsets": [-0.020099999999999892, -0.0070999999999999805], "qubit_mixer_imbalance": [-0.015999999999999865, 0.05100000000000004], "pi_len": 64, "pi_half_len": 32, "pi_half_amp": 0.198, "pi_amp": 0.198, "amp_q": 0.45, "gauss_len": 20, "gauss_amp": 0.45, "rr_LO": 5635100000.0, "rr_freq": 5680100000.0, "rr_IF": 45000000.0, "rr_mixer_offsets": [-0.018799999999999865, 0.002199999999999989], "rr_mixer_imbalance": [-0.06200000000000008, -0.0750000000000001], "amp_r": 0.4, "rr_atten": 35, "tof": 260, "rr_pulse_len_in_clk": 500, "IQ_rotation": 0.0, "analog_input_offsets": [0.018066417846679676, 0.01268643078613281], "qubit_resettime": 50000, "rr_resettime": 10000, "ffl_LO": 2800000000.0, "ffl_IF": 50000000.0, "amp_ffl": 0.45, "ffl_mixer_imbalance": [0.08399999999999999, -0.09800000000000021], "ffl_mixer_offsets": [-0.005600000000000035, -0.03720000000000001], "diss_mixer_imbalance": [0, 0], "amp_diss": 0.45, "diss_resettime": 2000.0, "diss_IF": 80000000, "diss_LO": 12200000000, "diss_freq": 8530100000.0, "diss_mixer_offsets": [0, 0], "rr_pulse_len_in_clk_diss": 100, "ffl_freq": 2850000000.0}