{"qubit_LO": 4500000000.0, "qubit_freq": 4638300000.0, "qubit_IF": 58300000.0, "qubit_mixer_offsets": [-0.008499999999999966, -0.000499999999999984], "qubit_mixer_imbalance": [-0.03699999999999999, 0.02000000000000003], "pi_len": 64, "pi_half_len": 32, "pi_half_amp": 0.1154, "pi_amp": 0.1154, "amp_q": 0.45, "gauss_len": 20, "gauss_amp": 0.45, "rr_LO": 5635500000.0, "rr_freq": 5680500000.0, "rr_IF": 45000000.0, "rr_mixer_offsets": [-0.017599999999999973, 0.003199999999999999], "rr_mixer_imbalance": [-0.07100000000000005, -0.07600000000000005], "amp_r": 0.4, "rr_atten": 23, "tof": 260, "rr_pulse_len_in_clk": 500, "IQ_rotation": 0.0, "analog_input_offsets": [0.04920600524902343, 0.04663202819824218], "qubit_resettime": 80000.0, "rr_resettime": 10000, "ffl_LO": 6550000000.0, "ffl_IF": 50000000.0, "amp_ffl": 0.45, "ffl_mixer_imbalance": [-0.01500000000000001, -0.08500000000000003], "ffl_mixer_offsets": [-0.004499999999999993, -0.01150000000000001]}