{"qubit_LO": 4400000000.0, "qubit_freq": 4638300000.0, "qubit_IF": 138300000.0, "qubit_mixer_offsets": [-0.013599999999999913, -0.005899999999999993], "qubit_mixer_imbalance": [-0.0009999999999999107, 0.03800000000000002], "pi_len": 64, "pi_half_len": 32, "pi_half_amp": 0.4, "pi_amp": 0.4, "amp_q": 0.45, "gauss_len": 20, "gauss_amp": 0.45, "rr_LO": 5635100000.0, "rr_freq": 5680100000.0, "rr_IF": 45000000.0, "rr_mixer_offsets": [-0.017499999999999922, 0.0033999999999999894], "rr_mixer_imbalance": [-0.07000000000000009, -0.0740000000000001], "amp_r": 0.4, "rr_atten": 35, "tof": 260, "rr_pulse_len_in_clk": 500, "IQ_rotation": 0.0, "analog_input_offsets": [0.01639830664062499, 0.01191907629394531], "qubit_resettime": 50000, "rr_resettime": 10000, "ffl_LO": 2800000000.0, "ffl_IF": 50000000.0, "amp_ffl": 0.45, "ffl_mixer_imbalance": [0.08399999999999999, -0.10400000000000016], "ffl_mixer_offsets": [-0.007000000000000032, -0.039700000000000055], "diss_mixer_imbalance": [0, 0], "amp_diss": 0.45, "diss_resettime": 2000.0, "diss_IF": 80000000, "diss_LO": 12200000000, "diss_freq": 12288310000.0, "diss_mixer_offsets": [0, 0], "rr_pulse_len_in_clk_diss": 100, "ffl_freq": 2850000000.0}