{"qubit_LO": 5370000000.0, "qubit_freq": 5421500000.0, "qubit_IF": 51500000.0, "qubit_mixer_offsets": [-0.011099999999999995, -0.009800000000000003], "qubit_mixer_imbalance": [-0.05500000000000005, -0.18499999999999983], "pi_len": 64, "pi_half_len": 32, "pi_half_amp": 0.4, "pi_amp": 0.4, "amp_q": 0.4, "gauss_len": 20, "gauss_amp": 0.45, "rr_LO": 5500000000.0, "rr_freq": 5577700000.0, "rr_IF": 77500000.0, "rr_mixer_offsets": [-0.010299999999999868, 0.0021999999999999876], "rr_mixer_imbalance": [-0.02600000000000017, -0.07100000000000008], "amp_r": 0.3, "rr_atten": 25, "tof": 260, "rr_pulse_len_in_clk": 1000, "IQ_rotation": 0.0, "analog_input_offsets": [0.04029012231445312, 0.03946868322753906], "qubit_resettime": 50000, "rr_resettime": 10000, "ffl_LO": 3850000000.0, "ffl_IF": 72000000.0, "amp_ffl": 0.45, "ffl_mixer_imbalance": [0.1089999999999999, -0.3390000000000004], "ffl_mixer_offsets": [0.001900000000000062, -0.00600000000000008], "diss_mixer_imbalance": [0, 0], "amp_diss": 0.45, "diss_resettime": 2000.0, "diss_IF": 80000000, "diss_LO": 12200000000, "diss_freq": 9500000000.0, "diss_mixer_offsets": [0, 0], "rr_pulse_len_in_clk_diss": 100, "ffl_freq": 3922000000.0}
