{"qb_LO": 3274020000.0, "qb_freq": 3324020000, "qubit_mixer_offsets": [-0.009616999999999893, -0.004171999999999971], "qubit_mixer_imbalance": [0.07758600000000003, -0.10111999999999971], "pi_half_len": 260, "pi_amp": 0.4383, "amp_q": 0.45, "gauss_len": 48, "gauss_amp": 0.45, "rr_LO": -9999993.43, "rr_freq": 6670450000.0, "rr_mixer_offsets": [-0.0029999999999999454, 0.011130000000000036], "rr_mixer_imbalance": [-0.0344830000000001, -0.1941379999999998], "amp_r": 0.45, "rr_pulse_len_in_clk": 2500, "IQ_rotation": -0.5235987755982988, "analog_input_offsets": [-0.08659599777832032, -0.08026069182128906], "index": 1, "rr_IF": 50000000.0}