{"qubit_LO": 4480000000, "qubit_freq": 4512900000, "qubit_IF": 32900000, "qubit_mixer_offsets": [0, 0], "qubit_mixer_imbalance": [0, 0], "amp_q": 0.35, "gauss_len": 48, "gauss_amp": 0.45, "rr_LO": 6400000000.0, "rr_IF": 50000000.0, "rr_mixer_offsets": [-0.012049999999999991, 0.004550000000000003], "rr_mixer_imbalance": [0.0027777777777777783, -0.10000000000000005], "amp_r": 0.35, "tof": 292, "IQ_rotation": 0.0, "analog_input_offsets": [0.04216477282489236, 0.042501677298012706], "n_avg": 5000, "readout_atten": 30, "host": null, "port": "9510", "X90_len": 80, "AWG_trigger_out": 1, "Qin": 2, "analog_input_gain": 3, "X180_amp": 0.45, "smearing": 40, "readout_freq": 6200000000.0, "Iout": {"qubit": 3, "rr": 1}, "X180_len": 160, "saturation_duration": 2500, "Qc": 9000, "Qout": {"qubit": 4, "rr": 2}, "arb_op_len": 160, "readout_pulse_len_in_clk": 500, "resettime": {"qubit": 25000, "rr": 1250}, "elements": ["qubit", "rr"], "controller": "con2", "readout_len": 2000, "kappa": 200000.0, "Iin": 1, "X90_amp": 0.45, "operations": {"qubit": ["const", "gauss", "arb_op", "X180", "Y180", "X90", "Y90"], "rr": ["const", "readout"]}, "Q": 9000, "switch_weights": false}