{"name": "qb1", "qb_LO": 6000000000.0, "qb_freq": 4000000000, "qubit_mixer_offsets": [-0.018000000000000002, 0.014], "qubit_mixer_imbalance": [-0.020000000000000004, -0.0050000000000000044], "pi_half_len": 260, "pi_amp": 0.44, "amp_q": 0.45, "gauss_len": 48, "gauss_amp": 0.45, "rr_LO": -49999993.0, "rr_freq": 7, "rr_mixer_offsets": [-0.012, -0.004], "rr_mixer_imbalance": [0.024999999999999994, -0.05], "amp_r": 0.45, "tof": 264, "rr_pulse_len_in_clk": 2500, "IQ_rotation": 0.0, "analog_input_offsets": [-0.1055485468261719, -0.10296197441406252]}