{"qubit_LO": 4200000000.0, "qubit_freq": 4254315000.0, "qubit_IF": 54315000.0, "qubit_mixer_offsets": [-0.026499999999999996, 0.011499999999999993], "qubit_mixer_imbalance": [0.019999999999999993, -0.029999999999999992], "pi_half_amp": 0.1963610206104766, "pi_amp": 0.3997976966126744, "amp_q": 0.45, "gauss_len": 48, "gauss_amp": 0.45, "rr_LO": 6612750000.0, "rr_freq": 6657750000.0, "rr_IF": 45000000.0, "rr_mixer_offsets": [-0.0025, -0.0025], "rr_mixer_imbalance": [0.015, -0.075], "amp_r": 0.45, "rr_atten": 22, "tof": 260, "rr_pulse_len_in_clk": 400, "IQ_rotation": -2.6179938779914944, "analog_input_offsets": [-0.08765657247924803, -0.08098009036254881], "qubit_resettime": 400000.0, "rr_resettime": 20000.0, "pi_len": 48, "pi_half_len": 48}