{"name": "qb6", "qubit_LO": 3900000000.0, "qubit_freq": 3935000000.0, "qubit_IF": -55000000.0, "qubit_mixer_offsets": [-0.011000000000000022, -0.0010000000000000078], "qubit_mixer_imbalance": [0.060999999999999846, -0.08299999999999833], "pi_half_len": 260, "pi_amp": 0.44, "amp_q": 0.45, "gauss_len": 48, "gauss_amp": 0.45, "rr_LO": 6736250000.0, "rr_freq": 6706250000.0, "rr_IF": -30000000.0, "rr_mixer_offsets": [-0.009999999999999995, 0.0], "rr_mixer_imbalance": [-0.015000000000000183, -0.001000000000000007], "amp_r": 0.45, "tof": 264, "rr_pulse_len_in_clk": 2500, "IQ_rotation": 0.0, "analog_input_offsets": [0, 0], "qb_LO": 3000000000.0}