{"qubit_LO": 3846100000.0, "qubit_freq": 3896100000.0, "qubit_IF": 50000000.0, "qubit_anharm": -250000000, "qubit_mixer_offsets": [-0.021, -0.018], "qubit_mixer_imbalance": [0.045, -0.075], "pi_len": 148, "pi_half_len": 156, "pi_half_amp": 0.2, "pi_amp": 0.45, "amp_q": 0.45, "gauss_len": 48, "gauss_amp": 0.45, "diss_LO": 12200000000, "diss_freq": 12281000000, "diss_IF": 80000000, "diss_mixer_offsets": [0, 0], "diss_mixer_imbalance": [0, 0], "amp_diss": 0.45, "diss_resettime": 2000.0, "rr_LO": 6304300000.0, "rr_freq": 6354300000.0, "rr_IF": 50000000.0, "rr_mixer_offsets": [-0.013, 0.0], "rr_mixer_imbalance": [-0.06, -0.06], "amp_r": 0.45, "rr_atten": 20, "tof": 272, "rr_pulse_len_in_clk": 500, "rr_pulse_len_in_clk_diss": 25, "IQ_rotation": 0.0, "analog_input_offsets": [-0.04736760498046874, -0.05112862902832031], "qubit_resettime": 200000, "rr_resettime": 20000.0, "ffl_freq": 6600000000.0, "ffl_LO": 6550000000.0, "ffl_IF": 50000000.0, "amp_ffl": 0.45, "ffl_atten": 0, "ffl_mixer_offsets": [0, 0], "ffl_mixer_offsets_on": [0, 0], "ffl_mixer_imbalance": [0, 0]}