{"qb_LO": 3800000000, "qb_freq": 3324020000, "qb_offsets": [-0.015517, -0.005172], "qb_imbalance": [0.077586, -0.10862], "pi_half_len": 260, "pi_amp": 0.4383, "amp_q": 0.45, "gauss_len": 48, "gauss_amp": 0.45, "rr_LO": 7300000000, "rr_freq": 7257800000, "rr_offsets": [-0.0086, -0.00517], "rr_imbalance": [0.015517, 0.025862], "amp_r": 0.45, "rr_pulse_len_in_clk": 2500, "IQ_rotation": 0.0, "analog_input_offsets": [-0.089918, -0.090406]}