{"qb_LO": 5100000000.0, "qb_freq": 4400000000.0, "qubit_mixer_offsets": [-0.01637199999999997, 0.018883000000000087], "qubit_mixer_imbalance": [0.02250000000000004, -0.012499999999999983], "pi_half_len": 260, "pi_amp": 0.4383, "amp_q": 0.45, "gauss_len": 48, "gauss_amp": 0.45, "rr_LO": 6520450000.0, "rr_freq": 6570450000.0, "rr_mixer_offsets": [-0.012999999999999963, -0.004869999999999961], "rr_mixer_imbalance": [-0.0054829999999998005, -0.18199999999999972], "amp_r": 0.45, "rr_pulse_len_in_clk": 2500, "IQ_rotation": -0.5235987755982988, "analog_input_offsets": [-0.08659599777832032, -0.08026069182128906], "index": 1, "rr_IF": 50000000.0}