{"qb_LO": 3800000000.0, "qb_freq": 3324020000, "qubit_mixer_offsets": [-0.014616999999999887, -0.00717199999999997], "qubit_mixer_imbalance": [0.07758600000000002, -0.12611999999999968], "pi_half_len": 260, "pi_amp": 0.4383, "amp_q": 0.45, "gauss_len": 48, "gauss_amp": 0.45, "rr_LO": 6305750000.0, "rr_freq": 6355750000, "rr_mixer_offsets": [-0.012999999999999953, 0.001130000000000035], "rr_mixer_imbalance": [-0.03448300000000008, -0.1691379999999998], "amp_r": 0.45, "rr_pulse_len_in_clk": 2500, "IQ_rotation": -0.5235987755982988, "analog_input_offsets": [-0.08659599777832032, -0.08026069182128906], "index": 1, "rr_IF": 50000000.0}