{"name": "qb3", "qubit_LO": 4480000000, "qubit_freq": 4512997291.1241865, "qubit_IF": 32997291.124186516, "qubit_mixer_offsets": [-0.013999999999999967, 0.008], "qubit_mixer_imbalance": [0.019999999999999993, -0.009999999999999995], "pi_half_len": 20, "pi_amp": 0.23117810705174188, "I0": 0.001, "Q0": 0.001, "I1": 0.001, "Q1": 0.001, "amp_q": 0.45, "gauss_len": 48, "gauss_amp": 0.45, "rr_LO": 6420000000, "rr_freq": 6474900000, "rr_IF": 54900000, "rr_mixer_offsets": [-0.01220000000000001, -0.0039000000000000007], "rr_mixer_imbalance": [-0.022999999999999996, -0.19299999999999995], "amp_r": 0.44, "rr_atten": 20, "tof": 260, "rr_pulse_len_in_clk": 500, "IQ_rotation": 0.0, "analog_input_offsets": [-0.0862326103515625, -0.08130451684570314], "qubit_resettime": 400000.0, "rr_ringdown_time": 20000.0}