{"qubit_LO": 4480000000, "qubit_freq": 4512998000.0, "qubit_IF": 32998000.0, "qubit_mixer_offsets": [-0.01399999999999996, 0.008], "qubit_mixer_imbalance": [0.019999999999999993, -0.009999999999999995], "pi_half_len": 48, "pi_amp": 0.1946355015825503, "amp_q": 0.45, "gauss_len": 48, "gauss_amp": 0.45, "rr_LO": 6420000000, "rr_freq": 6474900000, "rr_IF": 54900000, "rr_mixer_offsets": [-0.01220000000000001, -0.0039000000000000007], "rr_mixer_imbalance": [-0.022999999999999996, -0.19299999999999995], "amp_r": 0.44, "rr_atten": 20, "tof": 260, "rr_pulse_len_in_clk": 500, "IQ_rotation": 0.0, "analog_input_offsets": [-0.08799072753906251, -0.0815053250732422], "qubit_resettime": 400000.0, "rr_resettime": 20000.0, "pi_len": 48, "pi_half_amp": 0.09823830762909548}