{"name": "qb3", "qb_LO": 4300000000.0, "qb_freq": 4000000000, "qubit_mixer_offsets": [-0.017900000000000006, 0.017500000000000012], "qubit_mixer_imbalance": [0.04999999999999991, -0.02400000000000006], "pi_half_len": 260, "pi_amp": 0.44, "amp_q": 0.45, "gauss_len": 48, "gauss_amp": 0.45, "rr_LO": 6424900000.0, "rr_freq": 6474900000.0, "rr_mixer_offsets": [-0.013999999999999999, -0.002], "rr_mixer_imbalance": [-0.02000000000000003, -0.18499999999999983], "amp_r": 0.45, "tof": 264, "rr_pulse_len_in_clk": 2500, "IQ_rotation": 0.0, "analog_input_offsets": [-0.08745827573242189, -0.08103300148925782]}