{"name": "qb4", "qubit_LO": 3300000000.0, "qubit_freq": 4512900000, "qubit_IF": 50000000.0, "qubit_mixer_offsets": [-0.015499999999999996, -0.008400000000000005], "qubit_mixer_imbalance": [0.030000000000000013, -0.10999999999999993], "pi_half_len": 40, "pi_amp": 0.45, "I0": 0.001, "Q0": 0.001, "I1": 0.001, "Q1": 0.001, "amp_q": 0.45, "gauss_len": 48, "gauss_amp": 0.45, "rr_LO": 6540450000.0, "rr_freq": 6570450000.0, "rr_IF": 30000000.0, "rr_mixer_offsets": [-0.006900000000000002, -0.004099999999999995], "rr_mixer_imbalance": [-0.005000000000000001, -0.125], "amp_r": 0.45, "rr_atten": 25, "tof": 260, "rr_pulse_len_in_clk": 2500, "IQ_rotation": 0.0, "analog_input_offsets": [-0.08753297075195313, -0.08426522241210938], "qubit_resettime": 400000.0, "rr_ringdown_time": 8000.0}