{"name": "qb4", "qb_LO": 4000000000.0, "qb_freq": 4000000000, "qubit_mixer_offsets": [-0.020300000000000002, 0.019700000000000002], "qubit_mixer_imbalance": [0.06599999999999998, -0.06399999999999996], "pi_half_len": 260, "pi_amp": 0.44, "amp_q": 0.45, "gauss_len": 48, "gauss_amp": 0.45, "rr_LO": 6520450000.0, "rr_freq": 6570450000.0, "rr_mixer_offsets": [-0.012, -0.004], "rr_mixer_imbalance": [-0.015000000000000027, -0.17999999999999988], "amp_r": 0.45, "tof": 264, "rr_pulse_len_in_clk": 2500, "IQ_rotation": 0.0, "analog_input_offsets": [0, 0]}