{"name": "qb5", "qb_LO": 4150000000.0, "qb_freq": 4000000000, "qubit_mixer_offsets": [-0.014000000000000002, 0.006], "qubit_mixer_imbalance": [0.031999999999999924, -0.031999999999999855], "pi_half_len": 260, "pi_amp": 0.44, "amp_q": 0.45, "gauss_len": 48, "gauss_amp": 0.45, "rr_LO": 6607750000.0, "rr_freq": 6657750000.0, "rr_mixer_offsets": [-0.01, -0.002], "rr_mixer_imbalance": [-0.025000000000000022, -0.18999999999999995], "amp_r": 0.45, "tof": 264, "rr_pulse_len_in_clk": 2500, "IQ_rotation": 0.0, "analog_input_offsets": [0, 0]}