{"name": "qb6", "qubit_LO": 2800000000.0, "qubit_freq": 4000000000, "qubit_IF": 50000000.0, "qubit_mixer_offsets": [-0.014000000000000002, -0.018000000000000002], "qubit_mixer_imbalance": [0.05999999999999983, -0.04499999999999818], "pi_half_len": 260, "pi_amp": 0.44, "amp_q": 0.45, "gauss_len": 48, "gauss_amp": 0.45, "rr_LO": 6736250000.0, "rr_freq": 6706250000.0, "rr_IF": -30000000.0, "rr_mixer_offsets": [0, 0], "rr_mixer_imbalance": [0, 0], "amp_r": 0.45, "tof": 264, "rr_pulse_len_in_clk": 2500, "IQ_rotation": 0.0, "analog_input_offsets": [0, 0], "qb_LO": 3000000000.0}